surface,method,path,operation_id,tags,declared_status_codes,scope,implementation_status,verification_status
installed-management-public,DELETE,/auth_backends/{name},auth_backend_delete,auth,204,first_release_candidate,not_implemented,schema_observed_only
installed-management-public,DELETE,/caches/{name},cache_delete,cache,204,later_or_dependency_review,not_implemented,schema_observed_only
installed-management-public,DELETE,/camera_alarm,camera_alarm_delete,vsaas,204,later_or_dependency_review,not_implemented,schema_observed_only
installed-management-public,DELETE,/cluster/peers/{hostname},peer_delete,cluster,204,first_release_candidate,not_implemented,schema_observed_only
installed-management-public,DELETE,/cluster/sources/{url},source_delete,cluster,204,first_release_candidate,not_implemented,schema_observed_only
installed-management-public,DELETE,/dvb_cards/{name},dvb_card_delete,dvb,204,later_or_dependency_review,not_implemented,schema_observed_only
installed-management-public,DELETE,/dvr_export_jobs/{id},dvr_export_job_cancel,stream-dvr,204|404,later_or_dependency_review,not_implemented,schema_observed_only
installed-management-public,DELETE,/dvrs/{name},dvr_delete,dvr,204,later_or_dependency_review,not_implemented,schema_observed_only
installed-management-public,DELETE,/dvrs/{name}/disks/{path},dvr_disk_delete,dvr,204,later_or_dependency_review,not_implemented,schema_observed_only
installed-management-public,DELETE,/event_sinks/{name},event_sink_delete,events,204,later_or_dependency_review,not_implemented,schema_observed_only
installed-management-public,DELETE,/file_processor,file_processor_delete,file_processor,204,later_or_dependency_review,not_implemented,schema_observed_only
installed-management-public,DELETE,/file_processor/jobs/{id},file_processor_job_delete,file_processor,204|404,later_or_dependency_review,not_implemented,schema_observed_only
installed-management-public,DELETE,/http_proxies/{prefix},http_proxy_delete,config,204,first_release_candidate,not_implemented,schema_observed_only
installed-management-public,DELETE,/iptv,iptv_delete,iptv,204,first_release_candidate,not_implemented,schema_observed_only
installed-management-public,DELETE,/iptv/packages/{name},package_delete,iptv,204,first_release_candidate,not_implemented,schema_observed_only
installed-management-public,DELETE,/iptv/subscribers/{name},subscriber_delete,iptv,204,first_release_candidate,not_implemented,schema_observed_only
installed-management-public,DELETE,/logos/{name},logo_delete,logo,204|404,later_or_dependency_review,not_implemented,schema_observed_only
installed-management-public,DELETE,/rproxy,rproxy_delete,vsaas,204,later_or_dependency_review,not_implemented,schema_observed_only
installed-management-public,DELETE,/sessions/{id},session_delete,session,204,first_release_candidate,not_implemented,schema_observed_only
installed-management-public,DELETE,/streams/{name},stream_delete,stream,204,first_release_candidate,not_implemented,schema_observed_only
installed-management-public,DELETE,/streams/{name}/dvr/locks,stream_dvr_locks_delete,stream-dvr,204,later_or_dependency_review,not_implemented,schema_observed_only
installed-management-public,DELETE,/streams/{name}/dvr/ranges,stream_dvr_ranges_delete,stream-dvr,204,later_or_dependency_review,not_implemented,schema_observed_only
installed-management-public,DELETE,/templates/{name},template_delete,template,204,first_release_candidate,not_implemented,schema_observed_only
installed-management-public,DELETE,/transponders/{name},transponder_delete,multiplexer,204,later_or_dependency_review,not_implemented,schema_observed_only
installed-management-public,DELETE,/transponders/{name}/others/{index},transponder_other_delete,multiplexer,204,later_or_dependency_review,not_implemented,schema_observed_only
installed-management-public,DELETE,/transponders/{name}/programs/{program_id},transponder_program_delete,multiplexer,204,later_or_dependency_review,not_implemented,schema_observed_only
installed-management-public,DELETE,/transponders/{name}/pushes/{index},transponder_push_delete,multiplexer,204,later_or_dependency_review,not_implemented,schema_observed_only
installed-management-public,DELETE,/transponders/{name}/time_offsets/{index},transponder_time_offset_delete,multiplexer,204,later_or_dependency_review,not_implemented,schema_observed_only
installed-management-public,DELETE,/transponders/{name}/ts_descriptors/{index},transponder_ts_descriptor_delete,multiplexer,204,later_or_dependency_review,not_implemented,schema_observed_only
installed-management-public,DELETE,/vision,vision_delete,vsaas,204,later_or_dependency_review,not_implemented,schema_observed_only
installed-management-public,DELETE,/vods/{prefix},vod_delete,vod,204,later_or_dependency_review,not_implemented,schema_observed_only
installed-management-public,DELETE,/vods/{prefix}/storages/{storage_index}/files/{subpath},disk_file_delete,vod,204|404,later_or_dependency_review,not_implemented,schema_observed_only
installed-management-public,DELETE,/vsaas,vsaas_delete,vsaas,204,later_or_dependency_review,not_implemented,schema_observed_only
installed-management-public,GET,/api_tokens,api_tokens_list,config,200,first_release_candidate,not_implemented,schema_observed_only
installed-management-public,GET,/auth_backends,auth_backends_list,auth,200,first_release_candidate,not_implemented,schema_observed_only
installed-management-public,GET,/auth_backends/{name},auth_backend_get,auth,200,first_release_candidate,not_implemented,schema_observed_only
installed-management-public,GET,/caches,caches_list,cache,200,later_or_dependency_review,not_implemented,schema_observed_only
installed-management-public,GET,/caches/{name},cache_get,cache,200,later_or_dependency_review,not_implemented,schema_observed_only
installed-management-public,GET,/camera_alarm,camera_alarm_get,vsaas,200,later_or_dependency_review,not_implemented,schema_observed_only
installed-management-public,GET,/cluster/peers,peers_list,cluster,200,first_release_candidate,not_implemented,schema_observed_only
installed-management-public,GET,/cluster/peers/{hostname},peer_get,cluster,200,first_release_candidate,not_implemented,schema_observed_only
installed-management-public,GET,/cluster/sources,sources_list,cluster,200,first_release_candidate,not_implemented,schema_observed_only
installed-management-public,GET,/cluster/sources/{url},source_get,cluster,200,first_release_candidate,not_implemented,schema_observed_only
installed-management-public,GET,/config,config_get,config,200|400,first_release_candidate,not_implemented,schema_observed_only
installed-management-public,GET,/config/stats,config_stats_get,config,200,first_release_candidate,not_implemented,schema_observed_only
installed-management-public,GET,/dvb_cards,dvb_cards_list,dvb,200,later_or_dependency_review,not_implemented,schema_observed_only
installed-management-public,GET,/dvb_cards/{name},dvb_card_get,dvb,200,later_or_dependency_review,not_implemented,schema_observed_only
installed-management-public,GET,/dvb_cards/{name}/available_programs,dvb_card_available_programs_get,dvb,200,later_or_dependency_review,not_implemented,schema_observed_only
installed-management-public,GET,/dvr_episodes,dvr_episodes_list,episode,200,later_or_dependency_review,not_implemented,schema_observed_only
installed-management-public,GET,/dvr_export_jobs,dvr_export_job_list,stream-dvr,200,later_or_dependency_review,not_implemented,schema_observed_only
installed-management-public,GET,/dvr_export_jobs/{id},dvr_export_job_status,stream-dvr,200|404,later_or_dependency_review,not_implemented,schema_observed_only
installed-management-public,GET,/dvrs,dvrs_list,dvr,200,later_or_dependency_review,not_implemented,schema_observed_only
installed-management-public,GET,/dvrs/{name},dvr_get,dvr,200,later_or_dependency_review,not_implemented,schema_observed_only
installed-management-public,GET,/dvrs/{name}/disks,dvr_disks_list,dvr,200,later_or_dependency_review,not_implemented,schema_observed_only
installed-management-public,GET,/dvrs/{name}/disks/{path},dvr_disk_get,dvr,200,later_or_dependency_review,not_implemented,schema_observed_only
installed-management-public,GET,/episodes,episodes_list,episode,200,later_or_dependency_review,not_implemented,schema_observed_only
installed-management-public,GET,/event_sinks,event_sinks_list,events,200,later_or_dependency_review,not_implemented,schema_observed_only
installed-management-public,GET,/event_sinks/{name},event_sink_get,events,200,later_or_dependency_review,not_implemented,schema_observed_only
installed-management-public,GET,/event_sinks/{name}/events,available_events_list,events,200,later_or_dependency_review,not_implemented,schema_observed_only
installed-management-public,GET,/file_processor,file_processor_get,file_processor,200|404,later_or_dependency_review,not_implemented,schema_observed_only
installed-management-public,GET,/file_processor/jobs/{id},file_processor_job_check,file_processor,200|404,later_or_dependency_review,not_implemented,schema_observed_only
installed-management-public,GET,/http_proxies,http_proxies_list,config,200,first_release_candidate,not_implemented,schema_observed_only
installed-management-public,GET,/http_proxies/{prefix},http_proxy_get,config,200,first_release_candidate,not_implemented,schema_observed_only
installed-management-public,GET,/iptv,iptv_get,iptv,200|404,first_release_candidate,not_implemented,schema_observed_only
installed-management-public,GET,/iptv/packages,packages_list,iptv,200,first_release_candidate,not_implemented,schema_observed_only
installed-management-public,GET,/iptv/packages/{name},package_get,iptv,200|404,first_release_candidate,not_implemented,schema_observed_only
installed-management-public,GET,/iptv/subscribers,subscribers_list,iptv,200,first_release_candidate,not_implemented,schema_observed_only
installed-management-public,GET,/iptv/subscribers/{name},subscriber_get,iptv,200,first_release_candidate,not_implemented,schema_observed_only
installed-management-public,GET,/logos,logos_list,logo,200,later_or_dependency_review,not_implemented,schema_observed_only
installed-management-public,GET,/logos/{name},logo_get,logo,200,later_or_dependency_review,not_implemented,schema_observed_only
installed-management-public,GET,/monitoring/liveness,liveness_probe,monitoring,200,first_release_candidate,not_implemented,schema_observed_only
installed-management-public,GET,/monitoring/readiness,readiness_probe,monitoring,200,first_release_candidate,not_implemented,schema_observed_only
installed-management-public,GET,/rproxy,rproxy_get,vsaas,200,later_or_dependency_review,not_implemented,schema_observed_only
installed-management-public,GET,/rproxy/agents,rproxy_agents_list,vsaas,200,later_or_dependency_review,not_implemented,schema_observed_only
installed-management-public,GET,/sessions,sessions_list,session,200,first_release_candidate,not_implemented,schema_observed_only
installed-management-public,GET,/sessions/{id},session_get,session,200,first_release_candidate,not_implemented,schema_observed_only
installed-management-public,GET,/streams,streams_list,stream,200,first_release_candidate,not_implemented,schema_observed_only
installed-management-public,GET,/streams/{name},stream_get,stream,200,first_release_candidate,not_implemented,schema_observed_only
installed-management-public,GET,/streams/{name}/dvr/locks,stream_dvr_locks_list,stream-dvr,200,later_or_dependency_review,not_implemented,schema_observed_only
installed-management-public,GET,/streams/{name}/dvr/ranges,stream_dvr_ranges_list,stream-dvr,200,later_or_dependency_review,not_implemented,schema_observed_only
installed-management-public,GET,/templates,templates_list,template,200,first_release_candidate,not_implemented,schema_observed_only
installed-management-public,GET,/templates/{name},template_get,template,200,first_release_candidate,not_implemented,schema_observed_only
installed-management-public,GET,/transponders,transponders_list,multiplexer,200,later_or_dependency_review,not_implemented,schema_observed_only
installed-management-public,GET,/transponders/{name},transponder_get,multiplexer,200,later_or_dependency_review,not_implemented,schema_observed_only
installed-management-public,GET,/transponders/{name}/others,transponder_others_list,multiplexer,200,later_or_dependency_review,not_implemented,schema_observed_only
installed-management-public,GET,/transponders/{name}/others/{index},transponder_other_get,multiplexer,200,later_or_dependency_review,not_implemented,schema_observed_only
installed-management-public,GET,/transponders/{name}/programs,transponder_programs_list,multiplexer,200,later_or_dependency_review,not_implemented,schema_observed_only
installed-management-public,GET,/transponders/{name}/programs/{program_id},transponder_program_get,multiplexer,200,later_or_dependency_review,not_implemented,schema_observed_only
installed-management-public,GET,/transponders/{name}/pushes,transponder_pushes_list,multiplexer,200,later_or_dependency_review,not_implemented,schema_observed_only
installed-management-public,GET,/transponders/{name}/pushes/{index},transponder_push_get,multiplexer,200,later_or_dependency_review,not_implemented,schema_observed_only
installed-management-public,GET,/transponders/{name}/time_offsets,transponder_time_offsets_list,multiplexer,200,later_or_dependency_review,not_implemented,schema_observed_only
installed-management-public,GET,/transponders/{name}/time_offsets/{index},transponder_time_offset_get,multiplexer,200,later_or_dependency_review,not_implemented,schema_observed_only
installed-management-public,GET,/transponders/{name}/ts_descriptors,transponder_ts_descriptors_list,multiplexer,200,later_or_dependency_review,not_implemented,schema_observed_only
installed-management-public,GET,/transponders/{name}/ts_descriptors/{index},transponder_ts_descriptor_get,multiplexer,200,later_or_dependency_review,not_implemented,schema_observed_only
installed-management-public,GET,/vision,vision_get,vsaas,200,later_or_dependency_review,not_implemented,schema_observed_only
installed-management-public,GET,/vods,vods_list,vod,200,later_or_dependency_review,not_implemented,schema_observed_only
installed-management-public,GET,/vods/opened_files,opened_files_list,vod,200,later_or_dependency_review,not_implemented,schema_observed_only
installed-management-public,GET,/vods/{prefix},vod_get,vod,200,later_or_dependency_review,not_implemented,schema_observed_only
installed-management-public,GET,/vods/{prefix}/storages/{storage_index}/files,disk_files_list,vod,200,later_or_dependency_review,not_implemented,schema_observed_only
installed-management-public,GET,/vods/{prefix}/storages/{storage_index}/files/{subpath},disk_file_get,vod,200,later_or_dependency_review,not_implemented,schema_observed_only
installed-management-public,GET,/vsaas,vsaas_get,vsaas,200,later_or_dependency_review,not_implemented,schema_observed_only
installed-management-public,POST,/config,config_validate,config,200|400,first_release_candidate,not_implemented,schema_observed_only
installed-management-public,POST,/file_processor/jobs,file_processor_job_start,file_processor,200|400,later_or_dependency_review,not_implemented,schema_observed_only
installed-management-public,POST,/multiplexers/{name}/xmltv_upload,multiplexer_xmltv_upload,multiplexer,204|400|404,later_or_dependency_review,not_implemented,schema_observed_only
installed-management-public,POST,/sessions/reauth,sessions_reauth,session,200|404,first_release_candidate,not_implemented,schema_observed_only
installed-management-public,POST,/streams/{name}/dvr/consistency_check,stream_dvr_consistency_check,stream-dvr,200|204,later_or_dependency_review,not_implemented,schema_observed_only
installed-management-public,POST,/streams/{name}/dvr/export,stream_save_mp4,stream-dvr,204|303,later_or_dependency_review,not_implemented,schema_observed_only
installed-management-public,POST,/streams/{name}/dvr/locks,stream_dvr_locks_save,stream-dvr,204,later_or_dependency_review,not_implemented,schema_observed_only
installed-management-public,POST,/streams/{name}/stop,stream_stop,stream-ops,204,first_release_candidate,not_implemented,schema_observed_only
installed-management-public,PUT,/auth_backends/{name},auth_backend_save,auth,200|400,first_release_candidate,not_implemented,schema_observed_only
installed-management-public,PUT,/caches/{name},cache_save,cache,200|400,later_or_dependency_review,not_implemented,schema_observed_only
installed-management-public,PUT,/camera_alarm,camera_alarm_save,vsaas,200|400,later_or_dependency_review,not_implemented,schema_observed_only
installed-management-public,PUT,/cluster/peers/{hostname},peer_save,cluster,200|400,first_release_candidate,not_implemented,schema_observed_only
installed-management-public,PUT,/cluster/sources/{url},source_save,cluster,200|400,first_release_candidate,not_implemented,schema_observed_only
installed-management-public,PUT,/config,config_save,config,200|400,first_release_candidate,not_implemented,schema_observed_only
installed-management-public,PUT,/dvb_cards/{name},dvb_card_save,dvb,200|400,later_or_dependency_review,not_implemented,schema_observed_only
installed-management-public,PUT,/dvr_export_jobs/{id},dvr_export_job_start,stream-dvr,201|404|409|423,later_or_dependency_review,not_implemented,schema_observed_only
installed-management-public,PUT,/dvrs/{name},dvr_save,dvr,200|400,later_or_dependency_review,not_implemented,schema_observed_only
installed-management-public,PUT,/dvrs/{name}/disks/{path},dvr_disk_save,dvr,200|400,later_or_dependency_review,not_implemented,schema_observed_only
installed-management-public,PUT,/event_sinks/{name},event_sink_save,events,200|400,later_or_dependency_review,not_implemented,schema_observed_only
installed-management-public,PUT,/file_processor,file_processor_save,file_processor,200|400,later_or_dependency_review,not_implemented,schema_observed_only
installed-management-public,PUT,/http_proxies/{prefix},http_proxy_save,config,200|400,first_release_candidate,not_implemented,schema_observed_only
installed-management-public,PUT,/iptv,iptv_save,iptv,200|400,first_release_candidate,not_implemented,schema_observed_only
installed-management-public,PUT,/iptv/packages/{name},package_save,iptv,200|400,first_release_candidate,not_implemented,schema_observed_only
installed-management-public,PUT,/iptv/subscribers/{name},subscriber_save,iptv,200|400,first_release_candidate,not_implemented,schema_observed_only
installed-management-public,PUT,/logos/{name},logo_save,logo,200|400,later_or_dependency_review,not_implemented,schema_observed_only
installed-management-public,PUT,/rproxy,rproxy_save,vsaas,200|400,later_or_dependency_review,not_implemented,schema_observed_only
installed-management-public,PUT,/streams/{name},stream_save,stream,200|400,first_release_candidate,not_implemented,schema_observed_only
installed-management-public,PUT,/templates/{name},template_save,template,200|400,first_release_candidate,not_implemented,schema_observed_only
installed-management-public,PUT,/transponders/{name},transponder_save,multiplexer,200|400,later_or_dependency_review,not_implemented,schema_observed_only
installed-management-public,PUT,/transponders/{name}/others/{index},transponder_other_save,multiplexer,200|400,later_or_dependency_review,not_implemented,schema_observed_only
installed-management-public,PUT,/transponders/{name}/programs/{program_id},transponder_program_save,multiplexer,200|400,later_or_dependency_review,not_implemented,schema_observed_only
installed-management-public,PUT,/transponders/{name}/pushes/{index},transponder_push_save,multiplexer,200|400,later_or_dependency_review,not_implemented,schema_observed_only
installed-management-public,PUT,/transponders/{name}/time_offsets/{index},transponder_time_offset_save,multiplexer,200|400,later_or_dependency_review,not_implemented,schema_observed_only
installed-management-public,PUT,/transponders/{name}/ts_descriptors/{index},transponder_ts_descriptor_save,multiplexer,200|400,later_or_dependency_review,not_implemented,schema_observed_only
installed-management-public,PUT,/vision,vision_save,vsaas,200|400,later_or_dependency_review,not_implemented,schema_observed_only
installed-management-public,PUT,/vods/{prefix},vod_save,vod,200|400,later_or_dependency_review,not_implemented,schema_observed_only
installed-management-public,PUT,/vods/{prefix}/storages/{storage_index}/files/{subpath},disk_file_save,vod,200|400,later_or_dependency_review,not_implemented,schema_observed_only
installed-management-public,PUT,/vsaas,vsaas_save,vsaas,200|400,later_or_dependency_review,not_implemented,schema_observed_only
installed-management-private,DELETE,/cluster/balancers/{name},balancer_delete,cluster,204,first_release_candidate,not_implemented,schema_observed_only
installed-management-private,DELETE,/license,license_delete,license,204,later_or_dependency_review,not_implemented,schema_observed_only
installed-management-private,DELETE,/license/activations/{version},activation_delete,license,204,later_or_dependency_review,not_implemented,schema_observed_only
installed-management-private,DELETE,/system/ssh_agent,ssh_agent_delete,system,204,later_or_dependency_review,not_implemented,schema_observed_only
installed-management-private,DELETE,/tls/certificate,tls_certificate_delete,tls,204,later_or_dependency_review,not_implemented,schema_observed_only
installed-management-private,GET,/cluster/balancers,balancers_list,cluster,200,first_release_candidate,not_implemented,schema_observed_only
installed-management-private,GET,/cluster/balancers/{name},balancer_get,cluster,200,first_release_candidate,not_implemented,schema_observed_only
installed-management-private,GET,/license,license_get,license,200|404,later_or_dependency_review,not_implemented,schema_observed_only
installed-management-private,GET,/license/activations,activations_list,license,200,later_or_dependency_review,not_implemented,schema_observed_only
installed-management-private,GET,/license/activations/{version},activation_get,license,200|404,later_or_dependency_review,not_implemented,schema_observed_only
installed-management-private,GET,/license/clients,license_clients_list,license,200,later_or_dependency_review,not_implemented,schema_observed_only
installed-management-private,GET,/license/request,license_request_get,license,200,later_or_dependency_review,not_implemented,schema_observed_only
installed-management-private,GET,/otel,otel_get_stats,telemetry,200,later_or_dependency_review,not_implemented,schema_observed_only
installed-management-private,GET,/system/hardware_info,hardware_info_get,system,200,later_or_dependency_review,not_implemented,schema_observed_only
installed-management-private,GET,/system/logs_download,logs_download,system,200,later_or_dependency_review,not_implemented,schema_observed_only
installed-management-private,GET,/system/ssh_agent,ssh_agent_get,system,200|404,later_or_dependency_review,not_implemented,schema_observed_only
installed-management-private,GET,/system/updater,system_updater_get,system,200,later_or_dependency_review,not_implemented,schema_observed_only
installed-management-private,GET,/tls/certificate,tls_certificate_get,tls,200,later_or_dependency_review,not_implemented,schema_observed_only
installed-management-private,GET,/ui_settings,ui_settings_get,config,200,first_release_candidate,not_implemented,schema_observed_only
installed-management-private,POST,/admin_view_token,admin_view_token_generate,auth,200|405,first_release_candidate,not_implemented,schema_observed_only
installed-management-private,POST,/streams/{name}/ads/splice_insert,stream_ads_splice_insert,stream-ads,201|400|404,later_or_dependency_review,not_implemented,schema_observed_only
installed-management-private,POST,/streams/{name}/inputs/{index}/select,stream_input_select,stream,204|400|404,first_release_candidate,not_implemented,schema_observed_only
installed-management-private,POST,/system/restart,system_restart,system,204,later_or_dependency_review,not_implemented,schema_observed_only
installed-management-private,POST,/system/updater,system_updater_update,system,200,later_or_dependency_review,not_implemented,schema_observed_only
installed-management-private,POST,/system/upload_logs,upload_logs,system,200|400,later_or_dependency_review,not_implemented,schema_observed_only
installed-management-private,POST,/tls/letsencrypt,letsencrypt_issue,tls,200|400,later_or_dependency_review,not_implemented,schema_observed_only
installed-management-private,PUT,/activate,license_activate,license,200|400,later_or_dependency_review,not_implemented,schema_observed_only
installed-management-private,PUT,/admin_session_save/{session_id},admin_session_save,telemetry,200|400,later_or_dependency_review,not_implemented,schema_observed_only
installed-management-private,PUT,/cluster/balancers/{name},balancer_save,cluster,200|400,first_release_candidate,not_implemented,schema_observed_only
installed-management-private,PUT,/license,license_save,license,200|400,later_or_dependency_review,not_implemented,schema_observed_only
installed-management-private,PUT,/license/activations/{version},activation_save,license,200|400,later_or_dependency_review,not_implemented,schema_observed_only
installed-management-private,PUT,/system/ssh_agent,ssh_agent_save,system,200,later_or_dependency_review,not_implemented,schema_observed_only
installed-management-private,PUT,/tls/certificate,tls_certificate_save,tls,200|400,later_or_dependency_review,not_implemented,schema_observed_only
installed-streaming,GET,/-/streams,streams_list,streams,200,later_or_dependency_review,not_implemented,schema_observed_only
installed-streaming,GET,/tv/playlists/{name},playlist_get,iptv,200,first_release_candidate,not_implemented,schema_observed_only
installed-streaming,GET,/{name}(archive={from}-{duration}).isml/manifest,mss_dvr_manifest,dvr|mss,200,later_or_dependency_review,not_implemented,schema_observed_only
installed-streaming,GET,/{name}.isml/manifest,mss_live_manifest,mss,200,later_or_dependency_review,not_implemented,schema_observed_only
installed-streaming,GET,/{name}/Manifest.mpd,dash_manifest,dash,200,later_or_dependency_review,not_implemented,schema_observed_only
installed-streaming,GET,/{name}/archive-{from}-{duration}.fmp4.m3u8,hls_fmp4_dvr_manifest,dvr|hls-fmp4,200,later_or_dependency_review,not_implemented,schema_observed_only
installed-streaming,GET,/{name}/archive-{from}-{duration}.json,abstract_dvr_manifest,api,200,later_or_dependency_review,not_implemented,schema_observed_only
installed-streaming,GET,/{name}/archive-{from}-{duration}.m3u8,hls_dvr_manifest,dvr|hls,200,later_or_dependency_review,not_implemented,schema_observed_only
installed-streaming,GET,/{name}/archive-{from}-{duration}.mp4,mp4_export,dvr|mp4,200,later_or_dependency_review,not_implemented,schema_observed_only
installed-streaming,GET,/{name}/archive-{from}-{duration}.mpd,dash_dvr_manifest,dash|dvr,200,later_or_dependency_review,not_implemented,schema_observed_only
installed-streaming,GET,/{name}/archive-{from}-{duration}.ts,ts_export,dvr|mpegts,200,later_or_dependency_review,not_implemented,schema_observed_only
installed-streaming,GET,/{name}/archive-{from}-{duration}.ts.m3u8,hls_ts_dvr_manifest,dvr|hls-ts,200,later_or_dependency_review,not_implemented,schema_observed_only
installed-streaming,GET,/{name}/embed.html,embed_html,player,200,later_or_dependency_review,not_implemented,schema_observed_only
installed-streaming,GET,/{name}/images-{dimensions}/dvr-{from}-{offset}.m4v.jpg,dash_thumbnail_get,dash|image,200|403,later_or_dependency_review,not_implemented,schema_observed_only
installed-streaming,GET,/{name}/images-{dimensions}/seg-{from}-{offset}.hls.jpg,hls_thumbnail_get,hls|image,200|403,later_or_dependency_review,not_implemented,schema_observed_only
installed-streaming,GET,/{name}/index.fmp4.m3u8,hls_fmp4_manifest,hls-fmp4,200,first_release_candidate,not_implemented,schema_observed_only
installed-streaming,GET,/{name}/index.json,abstract_manifest,api,200,later_or_dependency_review,not_implemented,schema_observed_only
installed-streaming,GET,/{name}/index.ll.m3u8,llhls_live_manifest,ll-hls,200,later_or_dependency_review,not_implemented,schema_observed_only
installed-streaming,GET,/{name}/index.m3u8,hls_manifest,hls,200,first_release_candidate,not_implemented,schema_observed_only
installed-streaming,GET,/{name}/index.ts.m3u8,hls_ts_manifest,hls-ts,200,first_release_candidate,not_implemented,schema_observed_only
installed-streaming,GET,/{name}/info.json,public_stream_get,api,200,later_or_dependency_review,not_implemented,schema_observed_only
installed-streaming,GET,/{name}/logo,media_logo,image,200,later_or_dependency_review,not_implemented,schema_observed_only
installed-streaming,GET,/{name}/media_info.json,media_info,api,200,later_or_dependency_review,not_implemented,schema_observed_only
installed-streaming,GET,/{name}/mpegts,http_mpegts_live_play,mpegts,200,first_release_candidate,not_implemented,schema_observed_only
installed-streaming,GET,/{name}/preview-{from}.mp4,mp4_vod,image,200,later_or_dependency_review,not_implemented,schema_observed_only
installed-streaming,GET,/{name}/preview.jpg,jpeg_preview,image,200,later_or_dependency_review,not_implemented,schema_observed_only
installed-streaming,GET,/{name}/preview.mp4,mp4_preview,image,200,later_or_dependency_review,not_implemented,schema_observed_only
installed-streaming,GET,/{name}/ranges.json,ranges_list,api,200,later_or_dependency_review,not_implemented,schema_observed_only
installed-streaming,GET,/{name}/recording_status.json,recording_status,api,200,later_or_dependency_review,not_implemented,schema_observed_only
installed-streaming,GET,/{name}/rewind-{ago}.fmp4.m3u8,hls_fmp4_rewind_manifest,dvr|hls-fmp4,200,later_or_dependency_review,not_implemented,schema_observed_only
installed-streaming,GET,/{name}/rewind-{ago}.json,abstract_rewind_manifest,api,200,later_or_dependency_review,not_implemented,schema_observed_only
installed-streaming,GET,/{name}/rewind-{ago}.m3u8,hls_rewind_manifest,dvr|hls,200,later_or_dependency_review,not_implemented,schema_observed_only
installed-streaming,GET,/{name}/rewind-{ago}.mpd,dash_rewind_manifest,dash,200,later_or_dependency_review,not_implemented,schema_observed_only
installed-streaming,GET,/{name}/rewind-{ago}.ts.m3u8,hls_ts_rewind_manifest,dvr|hls-ts,200,later_or_dependency_review,not_implemented,schema_observed_only
installed-streaming,GET,/{name}/save-mp4-{from}-{duration}.mp4,mp4_save,dvr|mp4,200|303,later_or_dependency_review,not_implemented,schema_observed_only
installed-streaming,GET,/{name}/shoutcast,shoutcast_live,radio,200,later_or_dependency_review,not_implemented,schema_observed_only
installed-streaming,GET,/{name}/snapshot-{pts}-{size}.jpg,jpeg_snapshot,image,200,later_or_dependency_review,not_implemented,schema_observed_only
installed-streaming,GET,/{name}/timeshift_abs-{from}.fmp4.m3u8,hls_fmp4_timeshift_abs_manifest,hls-fmp4,200,later_or_dependency_review,not_implemented,schema_observed_only
installed-streaming,GET,/{name}/timeshift_abs-{from}.json,abstract_timeshift_abs_manifest,api,200,later_or_dependency_review,not_implemented,schema_observed_only
installed-streaming,GET,/{name}/timeshift_abs-{from}.m3u8,hls_timeshift_abs_manifest,hls,200,later_or_dependency_review,not_implemented,schema_observed_only
installed-streaming,GET,/{name}/timeshift_abs-{from}.mpd,dash_timeshift_abs_manifest,dash|dvr,200,later_or_dependency_review,not_implemented,schema_observed_only
installed-streaming,GET,/{name}/timeshift_abs-{from}.ts,http_mpegts_timeshift_abs,dvr|mpegts,200,later_or_dependency_review,not_implemented,schema_observed_only
installed-streaming,GET,/{name}/timeshift_abs-{from}.ts.m3u8,hls_ts_timeshift_abs_manifest,hls-ts,200,later_or_dependency_review,not_implemented,schema_observed_only
installed-streaming,GET,/{name}/timeshift_rel-{delay}.fmp4.m3u8,hls_fmp4_timeshift_rel_manifest,hls-fmp4,200,later_or_dependency_review,not_implemented,schema_observed_only
installed-streaming,GET,/{name}/timeshift_rel-{delay}.json,abstract_timeshift_rel_manifest,api,200,later_or_dependency_review,not_implemented,schema_observed_only
installed-streaming,GET,/{name}/timeshift_rel-{delay}.m3u8,hls_timeshift_rel_manifest,hls,200,later_or_dependency_review,not_implemented,schema_observed_only
installed-streaming,GET,/{name}/timeshift_rel-{delay}.ts,http_mpegts_timeshift_rel,dvr|mpegts,200,later_or_dependency_review,not_implemented,schema_observed_only
installed-streaming,GET,/{name}/timeshift_rel-{delay}.ts.m3u8,hls_ts_timeshift_rel_manifest,hls-ts,200,later_or_dependency_review,not_implemented,schema_observed_only
installed-streaming,GET,/{name}/tracks-{tracks}/mono.m3u8,hls_live_track_mono_manifest,hls-ts,200,first_release_candidate,not_implemented,schema_observed_only
installed-streaming,GET,/{name}/video.m3u8,hls_single_playlist_manifest,hls-ts,200,first_release_candidate,not_implemented,schema_observed_only
installed-streaming,GET,/{name}/{from}-preview.jpg,jpeg_preview_ondemand,image,200|403|404,later_or_dependency_review,not_implemented,schema_observed_only
installed-streaming,GET,/{name}/{from}-preview.mp4,mp4_dvr,image,200,later_or_dependency_review,not_implemented,schema_observed_only
installed-streaming,GET,/{name}/{from}.jpg,jpeg_preview_dvr,image,200|404,later_or_dependency_review,not_implemented,schema_observed_only
installed-streaming,POST,/{name}/mpegts,http_mpegts_live_publish,mpegts,204,first_release_candidate,not_implemented,schema_observed_only
installed-streaming,POST,/{name}/whep,webrtc_play,webrtc,201|400|404,later_or_dependency_review,not_implemented,schema_observed_only
installed-streaming,POST,/{name}/whip,webrtc_publish,webrtc,201|400|403|404,later_or_dependency_review,not_implemented,schema_observed_only
installed-streaming,PUT,/{name}/sessions/{id},session_save,session,204,later_or_dependency_review,not_implemented,schema_observed_only
installed-streaming,PUT,/{name}/sessions/{id}/request_tracks,request_tracks,api,204|400|404,later_or_dependency_review,not_implemented,schema_observed_only
published-authorization,GET,/play,auth_request,auth,200|302|403,first_release_callback_contract,not_implemented,schema_observed_only
published-authorization,POST,/publish,publish_request,auth,200|403,first_release_callback_contract,not_implemented,schema_observed_only
